Id,SalePrice
1461.0,113524.53856328598
1462.0,157118.12788242617
1463.0,187334.38415433295
1464.0,197433.20559452576
1465.0,205823.2833111092
1466.0,171061.3875429396
1467.0,173465.98883718668
1468.0,158099.98223285217
1469.0,212841.03777931826
1470.0,115914.95222364643
1471.0,154465.87446685092
1472.0,98518.85960842422
1473.0,95521.37983578749
1474.0,147252.72475313858
1475.0,109657.93552434645
1476.0,376711.74615631346
1477.0,261686.03841876032
1478.0,311640.1981805592
1479.0,303975.33002276206
1480.0,484322.9513495896
1481.0,309913.9737509873
1482.0,205111.7651809906
1483.0,177842.4247873194
1484.0,162579.163565686
1485.0,178984.58944654503
1486.0,188758.68704799775
1487.0,333944.7970857995
1488.0,224383.37469660697
1489.0,204544.80323626168
1490.0,257906.0645457865
1491.0,202852.4271792275
1492.0,103123.696974094
1493.0,188712.5302783413
1494.0,304929.888167648
1495.0,288077.9314955482
1496.0,243618.1906178467
1497.0,175850.09643682095
1498.0,174965.1637413474
1499.0,163903.5890796548
1500.0,149714.94580731678
1501.0,196919.1913901584
1502.0,133369.08774390948
1503.0,360042.1007366489
1504.0,233500.010664988
1505.0,224895.81411758976
1506.0,191319.46581689417
1507.0,258468.53127200008
1508.0,195545.48688099565
1509.0,155031.7730460641
1510.0,143873.14734587198
1511.0,159816.15196404516
1512.0,174429.19274849756
1513.0,153706.9848477726
1514.0,166853.9351822949
1515.0,211287.80600874606
1516.0,153712.13776450444
1517.0,187150.10337625313
1518.0,123508.70224933172
1519.0,221506.5239267637
1520.0,119478.64546648113
1521.0,135962.8553936977
1522.0,189174.81046303434
1523.0,114453.43966232493
1524.0,126074.28927523186
1525.0,117488.17569921722
1526.0,107538.5818451368
1527.0,107041.70008205119
1528.0,130868.78247543206
1529.0,159578.94595011903
1530.0,209658.55908935543
1531.0,130213.40194871972
1532.0,86482.4088394386
1533.0,163408.17430139348
1534.0,129000.37272327856
1535.0,150899.9938171423
1536.0,93668.39848919152
1537.0,45707.83347867199
1538.0,153858.86234518615
1539.0,209297.64063294194
1540.0,121816.49062281082
1541.0,140281.73108551078
1542.0,164829.70725804623
1543.0,187731.39175756558
1544.0,75393.76515698273
1545.0,120185.59797163369
1546.0,137501.05189732733
1547.0,136630.46304945226
1548.0,149615.2654833082
1549.0,124465.78429425057
1550.0,141633.7672869638
1551.0,102311.15143467873
1552.0,149979.3808177937
1553.0,153784.24354992292
1554.0,112813.73284396422
1555.0,162445.46615729478
1556.0,53619.898103811865
1557.0,136021.1719599927
1558.0,105672.47225781388
1559.0,59213.11171297761
1560.0,113480.50801365756
1561.0,146188.3242887729
1562.0,131269.8563256207
1563.0,130235.18390535368
1564.0,164401.9899746478
1565.0,158265.2188276646
1566.0,228867.47291315
1567.0,74167.41466412446
1568.0,222209.5741085805
1569.0,136279.5931063999
1570.0,130840.21936101411
1571.0,85943.42238709625
1572.0,153162.75289448994
1573.0,269463.72850633797
1574.0,137123.3518603648
1575.0,234142.05751307015
1576.0,227881.79413590106
1577.0,182660.409658579
1578.0,159276.5792742706
1579.0,133953.52985222093
1580.0,190265.9161151496
1581.0,153742.17062352112
1582.0,134218.04644333114
1583.0,280144.6738621171
1584.0,220536.61371177938
1585.0,134484.64311912205
1586.0,71586.70431740009
1587.0,108946.82465712904
1588.0,156909.04238770643
1589.0,107151.48750613918
1590.0,124505.41601573289
1591.0,87822.74585661359
1592.0,131318.20122712347
1593.0,126729.44804536799
1594.0,142382.87856982558
1595.0,115131.815543837
1596.0,228748.34428647454
1597.0,211808.5379286117
1598.0,214752.14139873648
1599.0,194045.83829569697
1600.0,171907.9696373598
1601.0,54018.0689624926
1602.0,128377.27658686359
1603.0,38600.08748229357
1604.0,272034.1756516164
1605.0,224271.38759731498
1606.0,147280.85749354077
1607.0,169917.67102652803
1608.0,199729.31305352788
1609.0,192374.86403456415
1610.0,155328.68410502255
1611.0,128427.80336333692
1612.0,189082.43116986248
1613.0,166033.70942055425
1614.0,140319.5633276413
1615.0,92108.32404082248
1616.0,68426.36901242091
1617.0,86384.44639573843
1618.0,136084.83538711714
1619.0,147596.67193295006
1620.0,195122.83855582998
1621.0,130776.21128466094
1622.0,151667.06485400922
1623.0,255310.68180044464
1624.0,199967.86577737101
1625.0,116269.73021603687
1626.0,167968.4381616043
1627.0,191346.72588479766
1628.0,274764.423165792
1629.0,178592.38608903743
1630.0,367119.53430207656
1631.0,254702.78973691256
1632.0,251280.38266338714
1633.0,172145.5572108268
1634.0,181730.28895302935
1635.0,170421.90982746388
1636.0,145711.53950971042
1637.0,198568.22316876394
1638.0,180919.31264760855
1639.0,183280.21837811338
1640.0,238187.37074395528
1641.0,184589.20772577162
1642.0,252413.0755004124
1643.0,219378.8690273488
1644.0,237285.86350537898
1645.0,216938.39185084085
1646.0,155513.04034243335
1647.0,156240.61077147417
1648.0,128058.078157287
1649.0,128601.6562818512
1650.0,107210.96332483753
1651.0,112158.20010691384
1652.0,99252.81620889125
1653.0,94913.28232271466
1654.0,144413.62083025867
1655.0,121480.35268902252
1656.0,142336.4743066314
1657.0,154490.85003881206
1658.0,146014.02748714734
1659.0,129180.32020247626
1660.0,149499.7084058077
1661.0,440755.0661888211
1662.0,386882.51143704774
1663.0,387684.1036169942
1664.0,530946.5253295777
1665.0,334422.6667216879
1666.0,326429.75955929724
1667.0,376988.02444860083
1668.0,362288.91266444675
1669.0,319755.27278979926
1670.0,363715.90284832707
1671.0,271659.2657309527
1672.0,408541.561192335
1673.0,290488.3602934645
1674.0,246390.30414289152
1675.0,204720.95640403786
1676.0,208059.08383828073
1677.0,218543.8757854712
1678.0,475398.45233352575
1679.0,389295.02064410073
1680.0,342658.35662309383
1681.0,282495.9447289839
1682.0,321977.48734299454
1683.0,192682.60569856808
1684.0,169417.9232613327
1685.0,170336.62899933956
1686.0,162138.1781356942
1687.0,163669.22960267644
1688.0,181273.55746389835
1689.0,185676.11355996205
1690.0,188404.5756795679
1691.0,176703.93616867604
1692.0,252760.814539541
1693.0,169841.14451642064
1694.0,181510.5213518898
1695.0,168657.1108190474
1696.0,261238.41291845855
1697.0,177465.39605565384
1698.0,340713.37684586796
1699.0,333757.38150170667
1700.0,273925.3920589803
1701.0,281233.3960490101
1702.0,235528.87010682785
1703.0,228396.7252721626
1704.0,269317.65529091586
1705.0,243134.85048613677
1706.0,193442.37968661086
1707.0,233607.86189213922
1708.0,203814.80259470068
1709.0,246648.31231525555
1710.0,220938.60310525613
1711.0,267518.0783505677
1712.0,254365.65367519323
1713.0,281891.3560195032
1714.0,227907.5830046079
1715.0,209059.51601772805
1716.0,186914.06438626445
1717.0,174270.91849539572
1718.0,148006.15071883504
1719.0,228062.32741697106
1720.0,249617.737312627
1721.0,147501.17397293632
1722.0,112553.9916759037
1723.0,150645.15754551315
1724.0,217767.79609815302
1725.0,241871.582726943
1726.0,187035.80342280734
1727.0,151039.30915880288
1728.0,156258.7596079484
1729.0,174315.61059835544
1730.0,171950.7878305992
1731.0,109160.50034571919
1732.0,132840.71431495456
1733.0,118286.45009701265
1734.0,122977.22960804295
1735.0,91399.28151186052
1736.0,96939.77161086976
1737.0,284098.60925795196
1738.0,266478.23699489224
1739.0,245357.3237752753
1740.0,220503.47703507185
1741.0,192919.33974381382
1742.0,178381.18905515337
1743.0,169154.00858042165
1744.0,366859.269883843
1745.0,222832.4584772434
1746.0,198260.06550157358
1747.0,221666.7690082443
1748.0,225716.29624444668
1749.0,134483.4391275569
1750.0,136982.86344095357
1751.0,232454.55253751777
1752.0,107470.83935974367
1753.0,157404.3678653241
1754.0,197656.82871850926
1755.0,171433.32459809686
1756.0,144754.26655974684
1757.0,119509.5390339646
1758.0,144263.1983295939
1759.0,160372.27493101833
1760.0,160516.80589881472
1761.0,154721.20161078192
1762.0,185793.92370114554
1763.0,185744.86962751884
1764.0,116622.09509401474
1765.0,185202.53726679456
1766.0,184949.24180358116
1767.0,228268.39007645028
1768.0,141422.527538132
1769.0,162052.66538136688
1770.0,149485.64720711557
1771.0,123665.60108757127
1772.0,133548.2111914859
1773.0,110801.95724977783
1774.0,155871.17399138157
1775.0,142015.40156529212
1776.0,130748.41368490728
1777.0,109915.40494642252
1778.0,148263.7161348441
1779.0,138528.9679701519
1780.0,155686.8614589382
1781.0,126345.80883652283
1782.0,78334.82702126415
1783.0,140948.81779462795
1784.0,99763.4654220375
1785.0,145661.35847194973
1786.0,112718.84268318661
1787.0,152516.60058364956
1788.0,53537.39547664081
1789.0,107779.56141054197
1790.0,70223.66957829308
1791.0,199621.67035678154
1792.0,169294.06560547082
1793.0,138658.16578505727
1794.0,162744.18135016577
1795.0,136125.43802244516
1796.0,135177.01955357185
1797.0,119361.56724122973
1798.0,125710.78922005449
1799.0,100678.19555305838
1800.0,127409.86214790927
1801.0,126332.81743645648
1802.0,107087.58130954401
1803.0,161723.7316665446
1804.0,124766.06331861168
1805.0,130690.02541826016
1806.0,128241.94975558811
1807.0,145315.7305234689
1808.0,122822.01265382845
1809.0,132474.53519384694
1810.0,140302.59836048828
1811.0,159701.73363390847
1812.0,109866.89574646283
1813.0,146221.98699639706
1814.0,97698.87230390715
1815.0,46224.69928084532
1816.0,103117.0464161803
1817.0,107457.7115663813
1818.0,171035.82080751206
1819.0,142702.93502348024
1820.0,29968.43469860303
1821.0,105812.12967476642
1822.0,150685.48997492678
1823.0,28682.970186682564
1824.0,132015.27340942787
1825.0,154653.79697685156
1826.0,102740.73798284333
1827.0,107672.18262742166
1828.0,141696.39044381192
1829.0,118602.13223730234
1830.0,150867.22893311587
1831.0,163549.16356559654
1832.0,32787.19579983511
1833.0,149378.4103485495
1834.0,120473.27833194114
1835.0,121784.07459716275
1836.0,136910.3354892434
1837.0,80655.09355173944
1838.0,121398.93299675276
1839.0,110031.93874357876
1840.0,148555.17435374492
1841.0,137966.0493166103
1842.0,71665.1255247517
1843.0,146165.61062703017
1844.0,144285.18042000642
1845.0,144536.40251247826
1846.0,154106.55049311966
1847.0,171224.13919197375
1848.0,40704.60804826862
1849.0,96831.51885753
1850.0,108912.67904757606
1851.0,146124.7068530939
1852.0,107028.34351611705
1853.0,120603.8686113132
1854.0,170899.80622287243
1855.0,164863.65642053742
1856.0,219439.79341403875
1857.0,116550.92653238107
1858.0,149792.15847687816
1859.0,104533.01334003199
1860.0,143423.88693852923
1861.0,112823.93351378207
1862.0,301826.0822603756
1863.0,290333.8093329191
1864.0,290360.84722705267
1865.0,367098.3488373738
1866.0,344513.09415989637
1867.0,210746.87744429757
1868.0,290473.65305517963
1869.0,207197.70498307268
1870.0,218813.18471828257
1871.0,256640.0799468475
1872.0,171791.90749975914
1873.0,239639.7550907037
1874.0,146104.701093576
1875.0,184783.2687547528
1876.0,203176.88239663004
1877.0,210005.16043259323
1878.0,193836.11582814725
1879.0,141909.3930762383
1880.0,133205.72482422556
1881.0,243862.55700173325
1882.0,233449.64092711362
1883.0,187262.6159861588
1884.0,204189.5019285312
1885.0,230922.8376126139
1886.0,286885.07612237893
1887.0,218047.2761208871
1888.0,257682.9047305068
1889.0,166908.996899294
1890.0,98562.9410683637
1891.0,100133.85719553361
1892.0,103542.18036929201
1893.0,134170.15003764504
1894.0,116898.98454429905
1895.0,139080.7395493289
1896.0,130072.31944857919
1897.0,121559.7271841235
1898.0,101743.50839158797
1899.0,163559.09157292734
1900.0,157904.26910125362
1901.0,191779.84901224382
1902.0,184970.3400192647
1903.0,220203.5170179838
1904.0,166274.71351455254
1905.0,202623.82030859278
1906.0,175068.49522393258
1907.0,238450.4461686236
1908.0,114903.09319757417
1909.0,127764.80811191871
1910.0,130244.08949266237
1911.0,236000.66785521587
1912.0,323698.7165457129
1913.0,155913.83365656898
1914.0,53634.05330082381
1915.0,350014.5915212863
1916.0,60422.87299122868
1917.0,223370.38340665962
1918.0,137710.18552151645
1919.0,156161.68931314888
1920.0,165694.28244546583
1921.0,386626.92631174705
1922.0,347100.96990643744
1923.0,240580.754592562
1924.0,231876.0594720012
1925.0,209227.60517970813
1926.0,385482.4618655996
1927.0,128638.24077659388
1928.0,175413.42677844074
1929.0,122662.15252849841
1930.0,130273.18330864309
1931.0,116961.6557223729
1932.0,127115.30313254418
1933.0,200198.65330579047
1934.0,190090.62146597504
1935.0,165990.70205056955
1936.0,212985.7711956521
1937.0,175874.85458841073
1938.0,166208.27670498288
1939.0,276702.55473709095
1940.0,204336.32112328443
1941.0,169594.50402139363
1942.0,156167.78509540673
1943.0,236658.66273580558
1944.0,382171.4139651224
1945.0,418944.7388900474
1946.0,148539.8192197579
1947.0,129792.70574451113
1948.0,178875.38319282667
1949.0,239830.95744582577
1950.0,187496.4557488837
1951.0,244904.61133707283
1952.0,201877.49973701566
1953.0,179875.89569889838
1954.0,184915.3850358262
1955.0,136401.26159963958
1956.0,283092.75885359047
1957.0,159158.6402496583
1958.0,242869.71696784583
1959.0,137386.772469544
1960.0,95594.90777781556
1961.0,124505.48617632009
1962.0,95947.2218585549
1963.0,109135.80298906632
1964.0,107028.00099593247
1965.0,134428.0524404183
1966.0,144042.63294965177
1967.0,315244.8974664941
1968.0,415185.9057005446
1969.0,399309.7158110306
1970.0,403076.15769797144
1971.0,447739.2679948944
1972.0,371232.96596601023
1973.0,293680.7305886756
1974.0,341435.8296006782
1975.0,340500.8560224434
1976.0,281673.82178487105
1977.0,368945.0750998887
1978.0,345026.9757572432
1979.0,324263.6344550388
1980.0,208072.28956475094
1981.0,360199.19470928994
1982.0,217074.2535530315
1983.0,200562.73540326758
1984.0,176947.37771217086
1985.0,231044.03108883565
1986.0,205969.89781925027
1987.0,212926.96083603924
1988.0,169128.07018865124
1989.0,186617.2699155972
1990.0,205915.09642698427
1991.0,233746.28774348352
1992.0,226658.0048163367
1993.0,166836.75407916532
1994.0,233686.9017072971
1995.0,183138.00137377382
1996.0,284052.40396303474
1997.0,315690.96877052565
1998.0,326319.47647703975
1999.0,312042.8699333698
2000.0,322359.1752386319
2001.0,290079.8991051967
2002.0,246301.4888027757
2003.0,239117.01466090957
2004.0,280423.8071383437
2005.0,230791.2962416636
2006.0,223067.22731708692
2007.0,242653.10412091544
2008.0,237755.4669115163
2009.0,212963.49405378677
2010.0,196878.16218965666
2011.0,126030.48720831817
2012.0,180928.77399183562
2013.0,182674.94605158953
2014.0,187990.27530307244
2015.0,223258.68149474528
2016.0,198252.4343649694
2017.0,200684.72243803545
2018.0,101219.7375716976
2019.0,133856.133753282
2020.0,78100.90833462679
2021.0,96433.59324028113
2022.0,213587.28522790162
2023.0,140841.08762904754
2024.0,293798.8206550039
2025.0,357918.7234223252
2026.0,168943.9675155024
2027.0,154307.69433538182
2028.0,158339.4458210035
2029.0,176968.3041111602
2030.0,259431.33933799368
2031.0,230766.6185240857
2032.0,255552.85863771607
2033.0,250060.94280904802
2034.0,177667.50132016456
2035.0,241793.3125380155
2036.0,197537.80564606862
2037.0,218271.0293491178
2038.0,329255.70320904825
2039.0,228984.54211842854
2040.0,317508.62167168304
2041.0,316693.1142880416
2042.0,215589.3922494836
2043.0,182384.98070426876
2044.0,174165.7076104577
2045.0,203901.13015054897
2046.0,161483.05615950594
2047.0,140545.4335387666
2048.0,136172.61949859673
2049.0,138197.04628649118
2050.0,164433.15694198522
2051.0,100538.70490237311
2052.0,113294.97232941046
2053.0,145351.16726399926
2054.0,85996.79630666677
2055.0,177110.55593292022
2056.0,130969.3872349702
2057.0,93019.03807683542
2058.0,210967.9500851161
2059.0,124634.66015394035
2060.0,184499.02521546188
2061.0,172503.12552706499
2062.0,126148.9835583313
2063.0,112236.99963726147
2064.0,136442.42256834722
2065.0,76191.7532025896
2066.0,175896.47970067125
2067.0,103464.4877464537
2068.0,157415.26188394424
2069.0,84717.35578304026
2070.0,114492.39231834523
2071.0,102643.88148951103
2072.0,140099.2643273331
2073.0,118503.90413917691
2074.0,199000.02897961912
2075.0,172600.26487455392
2076.0,119418.16417920546
2077.0,167002.53592127087
2078.0,133857.62322451922
2079.0,126171.69683106101
2080.0,124638.33721894599
2081.0,126369.32893273022
2082.0,138639.4597786139
2083.0,156531.76896480352
2084.0,108381.39856869713
2085.0,117291.14239556828
2086.0,113017.2977309683
2087.0,119689.6905093301
2088.0,106802.04169498596
2089.0,75980.92854303928
2090.0,113436.61149949962
2091.0,108163.55561413916
2092.0,126316.41568244455
2093.0,152810.44723948455
2094.0,115258.82723948653
2095.0,174246.16565965363
2096.0,81535.89929341475
2097.0,94460.06202505229
2098.0,166619.89885529075
2099.0,36484.62239439608
2100.0,55213.71121180619
2101.0,115873.54401753002
2102.0,119399.01708158155
2103.0,106972.5682177832
2104.0,131584.07511333088
2105.0,139309.4201785424
2106.0,56043.14411618558
2107.0,189717.77731584033
2108.0,124908.43617198724
2109.0,119397.80149916172
2110.0,119938.62306498105
2111.0,156815.7334971165
2112.0,144572.61235604764
2113.0,120665.98619337569
2114.0,118248.55717465907
2115.0,163782.48631267986
2116.0,117784.26537192622
2117.0,150040.76251118424
2118.0,123486.1918298883
2119.0,122794.47468490669
2120.0,93059.5461481931
2121.0,108561.88382532462
2122.0,123732.90908685091
2123.0,78588.26447707738
2124.0,169106.06172026714
2125.0,123480.0756039072
2126.0,158332.36313790016
2127.0,170980.2953966082
2128.0,134962.2697605012
2129.0,48359.085602350766
2130.0,143364.00541715263
2131.0,114344.17933273994
2132.0,115303.86158627484
2133.0,130868.06348462039
2134.0,119728.78930673058
2135.0,101491.37520553576
2136.0,77865.85835291402
2137.0,109702.52297392985
2138.0,129833.16734277477
2139.0,137797.43931695548
2140.0,145301.6246716406
2141.0,173534.44285413416
2142.0,131472.13768137843
2143.0,161623.33945451872
2144.0,131147.29397017063
2145.0,144982.95796267872
2146.0,190709.0363046182
2147.0,129850.24365881571
2148.0,118889.40606322713
2149.0,128485.99022283338
2150.0,235800.84328184483
2151.0,128775.30006745146
2152.0,196566.05649114246
2153.0,186080.51869535548
2154.0,107143.3408811329
2155.0,138963.6520442222
2156.0,267131.3326906349
2157.0,236136.92184917702
2158.0,243015.10297186175
2159.0,226172.53571288768
2160.0,184708.32343140492
2161.0,224918.06670557059
2162.0,379361.871603079
2163.0,361703.60775812785
2164.0,247173.16709136908
2165.0,201932.92080248115
2166.0,159611.4940653177
2167.0,229192.3222522343
2168.0,199456.91456140552
2169.0,193771.97361481955
2170.0,222858.90177910708
2171.0,156201.34766349892
2172.0,134646.96121090607
2173.0,191140.19877195454
2174.0,223033.82201793444
2175.0,265953.8365886912
2176.0,308661.8995871657
2177.0,240400.2820013661
2178.0,210323.71776866508
2179.0,130242.40923951831
2180.0,230698.64203746224
2181.0,194306.98919394662
2182.0,221234.14599179875
2183.0,190066.3987522324
2184.0,123552.08264219135
2185.0,111657.55120385185
2186.0,161218.38769535357
2187.0,139845.31999185713
2188.0,154411.38784572718
2189.0,319881.0289606139
2190.0,89015.26297692527
2191.0,68195.06456036601
2192.0,80744.10604986103
2193.0,132996.04918740594
2194.0,95280.34738942588
2195.0,86879.37907489258
2196.0,111525.05450111264
2197.0,117451.46152158992
2198.0,167111.15626071024
2199.0,176959.37176422784
2200.0,157608.18457291098
2201.0,158669.13512986395
2202.0,191701.74891025727
2203.0,143143.7322184127
2204.0,200114.90263559678
2205.0,138533.42366156957
2206.0,162862.31111027286
2207.0,220204.88248689592
2208.0,263925.41171334404
2209.0,273999.99857945147
2210.0,126680.58843294278
2211.0,123330.85823848067
2212.0,128260.99931229258
2213.0,103691.70321629159
2214.0,142924.5283769321
2215.0,104106.85018067001
2216.0,170514.0272924486
2217.0,120997.925516872
2218.0,60337.817219530145
2219.0,38645.60613958063
2220.0,9997.270246100234
2221.0,350821.12463045225
2222.0,306055.81556814
2223.0,281527.44617726444
2224.0,202808.7165796169
2225.0,115516.21577367678
2226.0,190673.23328723808
2227.0,190272.734817114
2228.0,282768.59346566803
2229.0,252257.00853925213
2230.0,162546.6134019996
2231.0,217970.65912365846
2232.0,184539.91200194045
2233.0,186268.73537099085
2234.0,245469.54068228244
2235.0,232351.77959428707
2236.0,251513.2921591417
2237.0,308702.17366310826
2238.0,189912.64064125027
2239.0,120392.96647469528
2240.0,151413.24320097888
2241.0,136966.62671260673
2242.0,128794.95193497391
2243.0,124313.4415806212
2244.0,104140.61547271788
2245.0,124063.47066146051
2246.0,138444.26844335734
2247.0,127515.51212408437
2248.0,129018.04378709014
2249.0,117661.9887805394
2250.0,127919.63975991923
2251.0,101037.98894444815
2252.0,198965.80880282525
2253.0,159851.11845250355
2254.0,179130.46750661786
2255.0,190510.66318259455
2256.0,168240.5651512576
2257.0,217938.02758269766
2258.0,149099.54884992636
2259.0,176709.39230377882
2260.0,128449.9423069286
2261.0,220375.6699893515
2262.0,241223.20425450432
2263.0,386800.6168257743
2264.0,473371.90159682045
2265.0,156314.0022275652
2266.0,328654.8162054729
2267.0,401314.08894308144
2268.0,481814.9535633869
2269.0,148591.22802674441
2270.0,183066.7813350817
2271.0,215743.89818371148
2272.0,181658.28472555822
2273.0,151724.20421764578
2274.0,185554.19350095748
2275.0,164205.4655795114
2276.0,199959.8052056204
2277.0,183986.7204712065
2278.0,152856.04773421053
2279.0,138668.6545201222
2280.0,105469.49841053892
2281.0,141738.699861291
2282.0,159809.9042319226
2283.0,114919.02937003938
2284.0,125708.46749426218
2285.0,156788.521481927
2286.0,122990.3677273585
2287.0,393574.52998374053
2288.0,295061.718657707
2289.0,354017.3063693268
2290.0,446504.56154142204
2291.0,355139.80074706767
2292.0,428594.27473826567
2293.0,469740.83090087364
2294.0,391735.0649521168
2295.0,469916.02585089626
2296.0,287371.0957128237
2297.0,388732.04021674953
2298.0,376723.736546868
2299.0,351671.66669870634
2300.0,334612.56521129573
2301.0,334961.1019680151
2302.0,263815.1943568797
2303.0,250988.17241200883
2304.0,260098.14067889066
2305.0,215070.91689727307
2306.0,204736.09900320278
2307.0,206988.51663357302
2308.0,228675.87068712027
2309.0,307445.3978468431
2310.0,213645.2566985834
2311.0,212273.32969373683
2312.0,190734.2597083137
2313.0,168617.84947435136
2314.0,187603.28761095103
2315.0,183264.13417548206
2316.0,199551.43953673032
2317.0,204387.69873647517
2318.0,188625.5245652171
2319.0,191314.82321813892
2320.0,186183.28701095664
2321.0,237958.95764435202
2322.0,203140.48142331597
2323.0,202807.65287442683
2324.0,174875.20481325794
2325.0,212256.20039148172
2326.0,173750.70395589623
2327.0,197251.89351958522
2328.0,218155.74775638597
2329.0,191087.97918882282
2330.0,182603.60981276075
2331.0,342540.42842473346
2332.0,392877.69117348525
2333.0,324756.09006918257
2334.0,277985.4862243831
2335.0,298366.5946317704
2336.0,322269.687172942
2337.0,203565.16300171174
2338.0,255543.39104524648
2339.0,213619.5546243885
2340.0,400834.61688869924
2341.0,212689.3839682174
2342.0,230333.73534568716
2343.0,225928.4123681298
2344.0,217537.82493309633
2345.0,223198.4144296924
2346.0,217269.9335977617
2347.0,210020.98065705984
2348.0,252808.9155428358
2349.0,207825.51507743335
2350.0,317817.84520892357
2351.0,291151.85200235306
2352.0,246232.4652844605
2353.0,255087.48111688616
2354.0,165568.72852524018
2355.0,151959.10816365093
2356.0,144399.19894275113
2357.0,194529.0176414741
2358.0,196533.19010736237
2359.0,129614.9660790198
2360.0,112147.9792276666
2361.0,156962.1044046112
2362.0,265417.26113618305
2363.0,131907.82491460335
2364.0,148337.55514111175
2365.0,202626.57982249677
2366.0,191235.5824762937
2367.0,215268.95643274373
2368.0,221764.25391711495
2369.0,215491.2194020171
2370.0,171029.27890812422
2371.0,165593.47603135716
2372.0,196320.47798512442
2373.0,290580.8643540883
2374.0,309331.36625799094
2375.0,245736.05771762485
2376.0,290771.88021542353
2377.0,346544.9352142452
2378.0,152662.77512557336
2379.0,229523.75986737348
2380.0,148251.86169515425
2381.0,175038.8844437163
2382.0,203427.0591114134
2383.0,195679.29705959072
2384.0,236653.71381540436
2385.0,152392.64445731623
2386.0,135826.99411347663
2387.0,127341.70494316911
2388.0,104206.41853887521
2389.0,105732.16040943205
2390.0,150131.63254527366
2391.0,137220.5161162628
2392.0,119371.79412193675
2393.0,173734.7695976248
2394.0,141240.20899800546
2395.0,212132.74031092043
2396.0,134749.76838301294
2397.0,215527.62385861747
2398.0,130869.0760041202
2399.0,76138.86513626008
2400.0,63490.911834051396
2401.0,153053.33960495333
2402.0,135311.68213086497
2403.0,147612.98733899
2404.0,151013.06856227902
2405.0,152300.61091317926
2406.0,144980.27842628132
2407.0,129627.01533498298
2408.0,124634.82995084397
2409.0,108064.32007830808
2410.0,186657.75113397496
2411.0,114169.24102569892
2412.0,160673.05475351863
2413.0,122238.05519897069
2414.0,175753.0881297992
2415.0,137025.52336462928
2416.0,131727.45091637204
2417.0,145190.3712627278
2418.0,140596.924996872
2419.0,128459.61392984443
2420.0,124095.95177898105
2421.0,382263.0447169023
2422.0,105919.37861732746
2423.0,116527.85223627122
2424.0,129550.16307323411
2425.0,221958.88977595195
2426.0,135356.51760326265
2427.0,134651.01125774093
2428.0,194668.64078791862
2429.0,100219.56288413025
2430.0,131495.4250482366
2431.0,98458.6401417609
2432.0,155454.32727230227
2433.0,154550.98586376393
2434.0,145437.8640016133
2435.0,174452.75587278724
2436.0,116497.28475928775
2437.0,97675.53325498765
2438.0,115996.67143480908
2439.0,88220.84667738547
2440.0,128773.66795868511
2441.0,98009.10586574275
2442.0,94415.88169675253
2443.0,144431.7308599806
2444.0,133894.22847396883
2445.0,76500.70281134234
2446.0,136418.2783237061
2447.0,189570.70655223457
2448.0,131504.17979868132
2449.0,106754.81751139634
2450.0,163683.0025386523
2451.0,114362.08511307466
2452.0,208129.5500849871
2453.0,88520.93252660302
2454.0,120021.08233396485
2455.0,112835.78879184197
2456.0,168174.83717431538
2457.0,150917.82526378662
2458.0,141804.79433344034
2459.0,122501.96200207344
2460.0,140701.83575686536
2461.0,128119.3287464859
2462.0,125900.45311401636
2463.0,126801.01555060697
2464.0,198404.38876984568
2465.0,139081.38061328416
2466.0,115067.75310413874
2467.0,108023.89181271897
2468.0,94089.36475814201
2469.0,97837.41997814251
2470.0,219286.3120299983
2471.0,231845.55967191016
2472.0,188494.91790277188
2473.0,131986.7100383085
2474.0,81392.03713145296
2475.0,215339.6908478406
2476.0,117869.27772262043
2477.0,120236.87830220608
2478.0,154157.71694149883
2479.0,100371.40776378804
2480.0,161696.0913643126
2481.0,128993.54524505345
2482.0,104575.72357952021
2483.0,103689.68668863384
2484.0,124715.32430343315
2485.0,129764.06631538252
2486.0,166955.57158889293
2487.0,188160.74369787922
2488.0,168028.2437026707
2489.0,156783.5372197073
2490.0,143094.4118990345
2491.0,89007.05675644838
2492.0,180480.1463876946
2493.0,146869.02658830964
2494.0,140621.50971160553
2495.0,75221.54042423874
2496.0,223154.0372136316
2497.0,166449.5227158801
2498.0,115905.89032446613
2499.0,87361.76657888436
2500.0,127320.306956758
2501.0,142821.0428096746
2502.0,151020.49672206774
2503.0,108098.32712887923
2504.0,497321.39671288
2505.0,230926.11361694607
2506.0,249425.8087204291
2507.0,276807.54906078544
2508.0,245363.10584618952
2509.0,208834.246115107
2510.0,204981.5982476813
2511.0,176364.50235555708
2512.0,218663.41914826122
2513.0,211495.9685330212
2514.0,333463.904547506
2515.0,163642.41015667867
2516.0,171386.05962650213
2517.0,156283.1041321763
2518.0,143128.41814456976
2519.0,246861.03405433535
2520.0,221851.74923749853
2521.0,188317.83990398826
2522.0,221568.1729692062
2523.0,116125.43944628976
2524.0,133761.22903115748
2525.0,154715.43201319975
2526.0,158021.49388067474
2527.0,119559.36964725624
2528.0,154962.67405411115
2529.0,40497.121137048816
2530.0,124956.38271882254
2531.0,267539.36867858435
2532.0,221304.74102150535
2533.0,199259.05353299322
2534.0,248200.3651836424
2535.0,280394.7185372254
2536.0,232202.463945568
2537.0,258703.16078094798
2538.0,189606.31817948978
2539.0,186679.96704168702
2540.0,186964.9540274165
2541.0,174733.31349818126
2542.0,165207.10506487716
2543.0,109767.157390115
2544.0,120974.97453812699
2545.0,131074.76570184718
2546.0,118644.11597839856
2547.0,141045.22435308548
2548.0,169082.36050072036
2549.0,157028.89484480504
2550.0,728674.3266562854
2551.0,139158.3526025757
2552.0,146871.6722443203
2553.0,69804.87349663462
2554.0,83116.30698852768
2555.0,105431.41634837652
2556.0,92568.3495656698
2557.0,105251.29730755868
2558.0,182220.26477950622
2559.0,165238.51409892578
2560.0,167524.14857733683
2561.0,154293.79822244824
2562.0,170815.88932496464
2563.0,166543.12085216198
2564.0,186546.66034836767
2565.0,159386.78138528965
2566.0,177965.00118617967
2567.0,150117.15825136358
2568.0,228461.52341892986
2569.0,239158.73043409895
2570.0,123193.09710802636
2571.0,208880.8373644304
2572.0,177926.3782765323
2573.0,233638.49983493538
2574.0,174665.49940569853
2575.0,139674.11277224714
2576.0,197227.24464811882
2577.0,150860.6065702009
2578.0,70423.66472905208
2579.0,31281.403268401715
2580.0,97990.25015056398
2581.0,124469.50241175396
2582.0,121033.00887901275
2583.0,290823.0495947056
2584.0,175973.14306966003
2585.0,180199.7376238544
2586.0,218295.7021494582
2587.0,205751.63803033772
2588.0,149551.4537449615
2589.0,149995.73015685604
2590.0,200051.32698084347
2591.0,233221.0462745971
2592.0,222716.74487918252
2593.0,268573.73067789164
2594.0,177384.0701422467
2595.0,213671.98736586355
2596.0,287226.5449904521
2597.0,199914.0497480888
2598.0,280577.6000506942
2599.0,397158.3853029129
2600.0,522816.96189524373
2601.0,128675.4117643639
2602.0,75514.63626956436
2603.0,96437.33933119287
2604.0,87451.97471232802
2605.0,72653.65724693847
2606.0,134964.7624725972
2607.0,206639.06744887566
2608.0,176979.99131964726
2609.0,147944.99576403745
2610.0,107796.98970129501
2611.0,237773.88984000168
2612.0,155441.74567938977
2613.0,123970.91253561419
2614.0,113283.27548745487
2615.0,158335.83733856436
2616.0,150886.04800911763
2617.0,209218.21187039834
2618.0,204363.14028870172
2619.0,209187.14279831262
2620.0,193719.15540208408
2621.0,179977.11051501337
2622.0,181856.0067921958
2623.0,234284.6423431712
2624.0,282870.6319054592
2625.0,305892.1350192287
2626.0,172431.6163385597
2627.0,186425.7657354657
2628.0,479471.626572735
2629.0,504158.1344568854
2630.0,386235.35676518385
2631.0,472872.30011455226
2632.0,421282.46785172017
2633.0,322794.5223558304
2634.0,438514.2132272123
2635.0,140601.71828826566
2636.0,162981.84370990828
2637.0,191382.0047485515
2638.0,268985.16221407056
2639.0,190981.5298656953
2640.0,154345.80468955173
2641.0,96404.48143406256
2642.0,167867.3869442152
2643.0,108953.77316295539
2644.0,104710.3428991255
2645.0,110977.80757937863
2646.0,95667.5270031883
2647.0,100939.52674919608
2648.0,154177.0989957664
2649.0,148153.01124132515
2650.0,139700.93372898523
2651.0,135048.78246870558
2652.0,389431.6108198626
2653.0,261574.74467287344
2654.0,282248.1811380967
2655.0,423629.6481811346
2656.0,332102.5743074827
2657.0,377159.2073703982
2658.0,339900.90254126105
2659.0,328144.2396153135
2660.0,362422.7824556981
2661.0,377798.4720114443
2662.0,396423.15118350904
2663.0,277876.53478989145
2664.0,299425.89781909436
2665.0,336058.9757708425
2666.0,299732.13409146573
2667.0,182789.8047433206
2668.0,189248.86207607054
2669.0,193959.8558573028
2670.0,270277.66260482813
2671.0,192035.4278822842
2672.0,196946.72883812178
2673.0,203875.33758377997
2674.0,198335.4586382157
2675.0,191646.9912324895
2676.0,187951.8549686545
2677.0,207754.4331484152
2678.0,236671.24917117154
2679.0,281210.9824740008
2680.0,292768.25077710603
2681.0,411268.6207560019
2682.0,314714.4594212625
2683.0,489243.34616899374
2684.0,318480.07770485966
2685.0,338259.18959341024
2686.0,252643.40242708693
2687.0,302528.9701437531
2688.0,217656.04119131548
2689.0,215821.87633254935
2690.0,387208.8800084898
2691.0,202672.14868454475
2692.0,160247.54885724167
2693.0,213106.92791141532
2694.0,140356.35137809705
2695.0,203213.28584023853
2696.0,188091.2799191673
2697.0,191225.66673660805
2698.0,219610.22374077197
2699.0,166384.10952626957
2700.0,141564.24450567723
2701.0,130580.77171748885
2702.0,84117.93933058021
2703.0,102586.77860665959
2704.0,146514.98847333717
2705.0,107617.87690743033
2706.0,80088.70909224029
2707.0,95094.46346783321
2708.0,145000.2339781892
2709.0,113614.32966757714
2710.0,139367.0833502882
2711.0,433682.53239153454
2712.0,414431.60981243395
2713.0,162491.26967989435
2714.0,142928.36207704243
2715.0,179871.6937405195
2716.0,130911.04677877473
2717.0,188481.21454275298
2718.0,213868.592943895
2719.0,154133.24943461825
2720.0,173843.22560616213
2721.0,126473.42542271488
2722.0,160982.6640938299
2723.0,134881.9484898177
2724.0,124339.13962483048
2725.0,126022.89356003844
2726.0,151455.38823765176
2727.0,185647.00889735846
2728.0,172676.82866722948
2729.0,146901.03845996133
2730.0,151075.03514125684
2731.0,126578.48787006226
2732.0,140929.71711745372
2733.0,161137.3362549451
2734.0,124992.84407302082
2735.0,142031.5195789678
2736.0,138215.60367106847
2737.0,124442.19220754874
2738.0,130641.47853273441
2739.0,148009.45648117745
2740.0,140064.93972341236
2741.0,141994.31877133247
2742.0,152403.1961677868
2743.0,166996.1372866011
2744.0,167728.52766150588
2745.0,142232.7139436558
2746.0,144466.89288520216
2747.0,152140.95021023139
2748.0,113199.77672643794
2749.0,129655.98137428993
2750.0,119133.6635551021
2751.0,136954.38793998575
2752.0,178285.024770644
2753.0,161592.8970780743
2754.0,236379.0671155683
2755.0,141866.5163580977
2756.0,93649.76879023647
2757.0,57120.168471283716
2758.0,82498.35023998414
2759.0,174745.47301925984
2760.0,132572.65481971062
2761.0,141733.18460888622
2762.0,138723.30248537692
2763.0,185293.3990242669
2764.0,140765.11869684144
2765.0,276964.41514783795
2766.0,137829.81412630234
2767.0,83728.16176018582
2768.0,131188.2980166604
2769.0,147313.7168181557
2770.0,135390.56675245924
2771.0,95727.28365337497
2772.0,98219.76309463117
2773.0,176317.15488476274
2774.0,162872.56751492553
2775.0,124637.28789390813
2776.0,146705.63932184785
2777.0,160052.58276031967
2778.0,120543.73989565796
2779.0,133223.64146201752
2780.0,103886.4471405487
2781.0,96463.06766789718
2782.0,99296.58866767611
2783.0,109936.43518129058
2784.0,130558.43244961419
2785.0,139925.38215577204
2786.0,49535.31662108752
2787.0,123959.33762748455
2788.0,70012.36748771582
2789.0,166007.57897907353
2790.0,92760.42811370277
2791.0,99047.07802770773
2792.0,80855.39924193171
2793.0,159081.42003635774
2794.0,97036.42138047339
2795.0,123470.51807241337
2796.0,99922.53931005739
2797.0,253095.90816994655
2798.0,121464.72677041104
2799.0,128857.7440985023
2800.0,65752.6784579413
2801.0,117047.80772974438
2802.0,131315.863873933
2803.0,187854.7428006608
2804.0,128275.84246630981
2805.0,106857.8726206818
2806.0,72081.86374804526
2807.0,260511.00868532227
2808.0,156516.06953608492
2809.0,126474.05657762024
2810.0,128444.36297916548
2811.0,168591.81330018074
2812.0,180041.06439783177
2813.0,154696.58727328377
2814.0,159466.37584783303
2815.0,108568.6990270662
2816.0,231892.04544575376
2817.0,150897.48000580023
2818.0,132151.5232325423
2819.0,164435.75672300105
2820.0,137407.90210736418
2821.0,102411.99013886144
2822.0,172108.9124160142
2823.0,337005.9317061136
2824.0,186232.81017775208
2825.0,151847.97078817434
2826.0,139629.00859516158
2827.0,133256.79607671328
2828.0,248202.59460870133
2829.0,210725.2053322762
2830.0,231415.68558836696
2831.0,185565.00225762874
2832.0,255208.3172348561
2833.0,322084.69323878747
2834.0,240667.2564728436
2835.0,229180.67398596453
2836.0,198814.20278903263
2837.0,160475.35113441243
2838.0,151239.10052119664
2839.0,167800.8323624941
2840.0,212082.41561120414
2841.0,203156.94386053729
2842.0,224321.99961977536
2843.0,155493.40282183987
2844.0,174293.90714197155
2845.0,127428.23742889447
2846.0,209590.32745813558
2847.0,218894.35805814012
2848.0,215240.53735460257
2849.0,199040.49367227944
2850.0,267587.33387540386
2851.0,209441.64691155244
2852.0,228281.99196796466
2853.0,228901.0059027076
2854.0,137185.5589554667
2855.0,207280.14293871427
2856.0,205950.94956586862
2857.0,192986.99530144306
2858.0,213839.9513214296
2859.0,78959.44904059698
2860.0,141926.18144456137
2861.0,129124.24412526007
2862.0,180989.5978904422
2863.0,154534.26553805507
2864.0,260118.51163797567
2865.0,146002.07486822593
2866.0,131474.72929275714
2867.0,97156.57295560054
2868.0,93514.79794478245
2869.0,98939.73132626069
2870.0,102287.02258946936
2871.0,60659.28945515849
2872.0,37864.465241591824
2873.0,82428.16757303561
2874.0,152055.3088583248
2875.0,128065.52932777858
2876.0,159723.79081444137
2877.0,158846.96922154663
2878.0,159834.66218992337
2879.0,152617.40789860868
2880.0,109092.75123971087
2881.0,146215.6752844648
2882.0,206278.3650457839
2883.0,211326.52989402166
2884.0,184348.11318974258
2885.0,184255.0787474808
2886.0,260967.1931229068
2887.0,110201.54813329296
2888.0,146119.50867632314
2889.0,30661.071690382872
2890.0,82544.51622293881
2891.0,159111.05130096295
2892.0,7689.039376942877
2893.0,72367.11421397721
2894.0,11723.242889455549
2895.0,349586.3870564919
2896.0,290648.8014478844
2897.0,225467.75955066519
2898.0,131537.82237977794
2899.0,207143.44845500696
2900.0,165549.73471561188
2901.0,226778.37776586125
2902.0,170481.0703614918
2903.0,317801.5452652215
2904.0,358253.9688360869
2905.0,60183.071661923284
2906.0,196068.06180473117
2907.0,106717.64746871791
2908.0,114440.19982765542
2909.0,129512.53956113572
2910.0,72138.05078699588
2911.0,74555.44307859868
2912.0,152833.06473712184
2913.0,75411.1541459854
2914.0,61667.10408667484
2915.0,82145.4233472549
2916.0,81640.42757848764
2917.0,181156.20327217857
2918.0,110967.43636876644
2919.0,223489.53882383372
